<?xml version="1.0"?>
<xs:schema xmlns="http://tableau.com/api" xmlns:xs="http://www.w3.org/2001/XMLSchema" targetNamespace="http://tableau.com/api" elementFormDefault="qualified">
<!--
	Definition of request and response elements that wrap all payloads.
	Definition of the error message payload.
-->
    <xs:element name="tsRequest">
        <xs:complexType>
            <xs:choice>
                <xs:element name="connection" type="connectionType" />
                <xs:element name="credentials" type="tableauCredentialsType" />
                <xs:element name="datasource" type="dataSourceType" />
                <xs:element name="favorite" type="favoriteType" />
                <xs:element name="group" type="groupType" />
                <xs:element name="permissions" type="permissionsType" />
                <xs:element name="project" type="projectType" />
                <xs:element name="site" type="siteType" />
                <xs:element name="tags" type="tagListType" />
                <xs:element name="user" type="userType" />
                <xs:element name="workbook" type="workbookType" />
            </xs:choice>
        </xs:complexType>
    </xs:element>

    <xs:element name="tsResponse">
        <xs:complexType>
            <xs:choice>
                <xs:group ref="paginatedResponseGroup" />
                <xs:element name="connection" type="connectionType" />
                <xs:element name="connections" type="connectionListType" />
                <xs:element name="credentials" type="tableauCredentialsType" />
                <xs:element name="datasource" type="dataSourceType" />
                <xs:element name="error" type="errorType" />
                <xs:element name="favorites" type="favoriteListType" />
                <xs:element name="fileUpload" type="fileUploadType" />
                <xs:element name="group" type="groupType" />
                <xs:element name="job" type="jobType" />
                <xs:element name="permissions" type="permissionsType" />
                <xs:element name="project" type="projectType" />
                <xs:element name="site" type="siteType" />
                <xs:element name="tags" type="tagListType" />
                <xs:element name="user" type="userType" />
                <xs:element name="views" type="viewListType" />
                <xs:element name="workbook" type="workbookType" />
            </xs:choice>
        </xs:complexType>
    </xs:element>

    <xs:group name="paginatedResponseGroup">
        <xs:sequence>
            <xs:element name="pagination" type="paginationType" />
            <xs:choice>
                <xs:element name="datasources" type="dataSourceListType" />
                <xs:element name="extracts" type="extractListType" />
                <xs:element name="groups" type="groupListType" />
                <xs:element name="projects" type="projectListType" />
                <xs:element name="schedules" type="scheduleListType" />
                <xs:element name="sites" type="siteListType" />
                <xs:element name="users" type="userListType" />
                <xs:element name="workbooks" type="workbookListType" />
            </xs:choice>
        </xs:sequence>
    </xs:group>

    <xs:complexType name="errorType">
        <xs:sequence>
            <xs:element name="summary" type="xs:string" />
            <xs:element name="detail" type="xs:string" />
        </xs:sequence>
        <xs:attribute name="code" type="xs:positiveInteger" use="required" />
    </xs:complexType>


    <!--
        Definition of types for the primary entities that are included in the payloads of requests and responses.
    -->

    <!-- Credentials for a workbook or datasource connection -->
    <xs:complexType name="connectionCredentialsType">
        <xs:attribute name="name" type="xs:string" />
        <xs:attribute name="password" type="xs:string" />
        <xs:attribute name="embed" type="xs:boolean" />
        <xs:attribute name="oAuth" type="xs:boolean" />
    </xs:complexType>

    <xs:complexType name="connectionListType">
        <xs:sequence>
            <xs:element name="connection" type="connectionType" minOccurs="0" maxOccurs="unbounded" />
        </xs:sequence>
    </xs:complexType>

    <xs:complexType name="connectionType">
         <xs:attribute name="id" type="resourceIdType" />
         <xs:attribute name="type" type="xs:string" />
         <xs:attribute name="serverAddress" type="xs:string" />
         <xs:attribute name="serverPort" type="xs:nonNegativeInteger" />
         <xs:attribute name="userName" type="xs:string" />
         <xs:attribute name="password" type="xs:string" />
    </xs:complexType>

    <xs:complexType name="dataSourceListType">
        <xs:sequence>
            <xs:element name="datasource" type="dataSourceType" minOccurs="0" maxOccurs="unbounded" />
        </xs:sequence>
    </xs:complexType>

    <xs:complexType name="dataSourceType">
        <xs:sequence>
            <xs:element name="connectionCredentials" type="connectionCredentialsType" minOccurs="0" />
            <xs:element name="site" type="siteType" minOccurs="0" />
            <xs:element name="project" type="projectType" minOccurs="0" />
            <xs:element name="owner" type="userType" minOccurs="0" />
            <xs:element name="tags" type="tagListType" minOccurs="0" />
        </xs:sequence>
        <xs:attribute name="id" type="resourceIdType" />
        <xs:attribute name="name" type="xs:string" />
        <xs:attribute name="contentUrl" type="xs:string" />
        <xs:attribute name="description" type="xs:string" />
        <xs:attribute name="type" type="xs:string" />
        <xs:attribute name="createdAt" type="xs:dateTime" />
        <xs:attribute name="updatedAt" type="xs:dateTime" />
    </xs:complexType>

    <xs:complexType name="extractListType">
        <xs:sequence>
            <xs:element name="extract" type="extractType" minOccurs="0" maxOccurs="unbounded" />
        </xs:sequence>
    </xs:complexType>

    <xs:complexType name="extractType">
        <xs:choice>
            <xs:element name="datasource" type="dataSourceType" />
            <xs:element name="workbook" type="workbookType" />
        </xs:choice>
        <xs:attribute name="id" type="resourceIdType" />
        <xs:attribute name="priority" type="xs:nonNegativeInteger" />
        <xs:attribute name="type" >
            <xs:simpleType>
                <xs:restriction base="xs:string">
                    <xs:enumeration value="IncrementalRefresh" />
                    <xs:enumeration value="FullRefresh" />
                </xs:restriction>
            </xs:simpleType>
        </xs:attribute>
    </xs:complexType>

    <xs:complexType name="favoriteListType">
        <xs:sequence>
            <xs:element name="favorite" type="favoriteType" minOccurs="0" maxOccurs="unbounded" />
        </xs:sequence>
    </xs:complexType>

    <xs:complexType name="favoriteType">
        <xs:choice>
            <xs:element name="view" type="viewType" />
            <xs:element name="workbook" type="workbookType" />
        </xs:choice>
        <xs:attribute name="label" type="xs:string" use="required" />
    </xs:complexType>

    <xs:complexType name="fileUploadType">
        <xs:attribute name="uploadSessionId" type="fileUploadSessionIdType" use="required" />
        <xs:attribute name="fileSize" type="xs:nonNegativeInteger" />
    </xs:complexType>

    <xs:complexType name="groupListType">
        <xs:sequence>
            <xs:element name="group" type="groupType" minOccurs="0" maxOccurs="unbounded" />
        </xs:sequence>
    </xs:complexType>

    <xs:complexType name="groupType">
        <xs:sequence>
            <xs:element name="domain" type="domainDirectiveType" minOccurs="0" />
            <xs:element name="import" type="importDirectiveType" minOccurs="0" />
        </xs:sequence>
        <xs:attribute name="id" type="resourceIdType" />
        <xs:attribute name="name" type="xs:string" />
    </xs:complexType>

    <xs:complexType name="jobType">
        <xs:sequence>
            <xs:element name="statusNotes" type="statusNoteListType" minOccurs="0" />
        </xs:sequence>
        <xs:attribute name="id" type="resourceIdType" />
        <xs:attribute name="mode">
            <xs:simpleType>
                <xs:restriction base="xs:string">
                    <xs:enumeration value="Asynchronous" />
                </xs:restriction>
            </xs:simpleType>
        </xs:attribute>
        <xs:attribute name="type">
            <xs:simpleType>
                <xs:restriction base="xs:string">
                    <xs:enumeration value="GroupSync" />
                </xs:restriction>
            </xs:simpleType>
        </xs:attribute>
        <xs:attribute name="progress" type="xs:nonNegativeInteger" />
        <xs:attribute name="createdAt" type="xs:dateTime" />
        <xs:attribute name="updatedAt" type="xs:dateTime" />
        <xs:attribute name="completedAt" type="xs:dateTime" />
     </xs:complexType>

    <xs:complexType name="permissionsType">
        <xs:sequence>
            <xs:element name="parent" type="parentType" minOccurs="0" maxOccurs="1" />
            <xs:choice minOccurs="0" >
                <xs:element name="datasource" type="dataSourceType" />
                <xs:element name="project" type="projectType" />
                <xs:element name="workbook" type="workbookType" />
            </xs:choice>
            <xs:element name="granteeCapabilities" type="granteeCapabilitiesType" minOccurs="0" maxOccurs="unbounded" />
        </xs:sequence>
    </xs:complexType>

    <xs:complexType name="projectListType">
        <xs:sequence>
            <xs:element name="project" type="projectType" minOccurs="0" maxOccurs="unbounded" />
        </xs:sequence>
    </xs:complexType>

    <xs:complexType name="projectType">
        <xs:sequence>
            <xs:element name="owner" type="userType" minOccurs="0" />
        </xs:sequence>
        <xs:attribute name="id" type="resourceIdType" />
        <xs:attribute name="name" type="xs:string" />
        <xs:attribute name="description" type="xs:string" />
        <xs:attribute name="contentPermissions">
            <xs:simpleType>
                <xs:restriction base="xs:string">
                    <xs:enumeration value="LockedToProject" />
                    <xs:enumeration value="ManagedByOwner" />
                </xs:restriction>
            </xs:simpleType>
        </xs:attribute>
    </xs:complexType>

    <xs:complexType name="scheduleListType">
        <xs:sequence>
            <xs:element name="schedule" type="scheduleType" minOccurs="0" maxOccurs="unbounded" />
        </xs:sequence>
    </xs:complexType>

    <xs:complexType name="scheduleType">
        <xs:attribute name="id" type="resourceIdType" />
        <xs:attribute name="name" type="xs:string" />
        <xs:attribute name="state" type="stateType" />
        <xs:attribute name="priority" type="xs:nonNegativeInteger" />
        <xs:attribute name="createdAt" type="xs:dateTime" />
        <xs:attribute name="updatedAt" type="xs:dateTime" />
        <xs:attribute name="type" >
            <xs:simpleType>
                <xs:restriction base="xs:string">
                    <xs:enumeration value="Extract" />
                    <xs:enumeration value="Subscription" />
                    <xs:enumeration value="ActiveDirectorySync" />
                </xs:restriction>
            </xs:simpleType>
        </xs:attribute>
        <xs:attribute name="frequency">
            <xs:simpleType>
                <xs:restriction base="xs:string">
                    <xs:enumeration value="Hourly" />
                    <xs:enumeration value="Daily" />
                    <xs:enumeration value="Weekly" />
                    <xs:enumeration value="Monthly" />
                </xs:restriction>
            </xs:simpleType>
        </xs:attribute>
        <xs:attribute name="nextRunAt" type="xs:dateTime" />
        <xs:attribute name="endScheduleAt" type="xs:dateTime" />
    </xs:complexType>

    <xs:complexType name="siteListType">
        <xs:sequence>
            <xs:element name="site" type="siteType" minOccurs="0" maxOccurs="unbounded" />
        </xs:sequence>
    </xs:complexType>

    <xs:complexType name="siteType">
        <xs:sequence>
            <xs:element name="usage" minOccurs="0">
                <xs:complexType>
                    <xs:attribute name="numUsers" type="xs:nonNegativeInteger" use="required" />
                    <xs:attribute name="storage" type="xs:nonNegativeInteger" use="required" />
                </xs:complexType>
            </xs:element>
        </xs:sequence>
        <xs:attribute name="id" type="resourceIdType" />
        <xs:attribute name="name" type="xs:string" />
        <xs:attribute name="contentUrl" type="xs:string" /> <!-- consider restricting to a rex for valid URLs -->
        <xs:attribute name="adminMode">
            <xs:simpleType>
                <xs:restriction base="xs:string">
                    <xs:enumeration value="ContentOnly" />
                    <xs:enumeration value="ContentAndUsers" />
                </xs:restriction>
            </xs:simpleType>
        </xs:attribute>
        <xs:attribute name="userQuota" type="siteQuotaType" />
        <xs:attribute name="storageQuota" type="siteQuotaType" />
        <xs:attribute name="disableSubscriptions" type="xs:boolean" />
        <xs:attribute name="state" type="stateType" />
    </xs:complexType>

    <!-- Credentials for accessing Tableau Server -->
    <xs:complexType name="tableauCredentialsType">
        <xs:sequence>
            <xs:element name="site" type="siteType" minOccurs="1" maxOccurs="1" />
            <xs:element name="user" type="userType" minOccurs="0" maxOccurs="1" />
        </xs:sequence>
        <xs:attribute name="name" type="xs:string" />
        <xs:attribute name="password" type="xs:string" />
        <xs:attribute name="token" type="xs:string" />
    </xs:complexType>

    <xs:complexType name="tagListType">
        <xs:sequence>
            <xs:element name="tag" type="tagType" minOccurs="0" maxOccurs="unbounded" />
        </xs:sequence>
    </xs:complexType>

    <xs:complexType name="tagType">
        <xs:attribute name="label" type="xs:string" use="required" />
    </xs:complexType>

    <xs:complexType name="userListType">
        <xs:sequence>
            <xs:element name="user" type="userType" minOccurs="0" maxOccurs="unbounded" />
        </xs:sequence>
    </xs:complexType>

    <xs:complexType name="userType">
        <xs:sequence>
            <xs:element name="domain" type="domainDirectiveType" minOccurs="0" maxOccurs="1" />
        </xs:sequence>
        <xs:attribute name="id" type="resourceIdType" />
        <xs:attribute name="name" type="xs:string" />
        <xs:attribute name="fullName" type="xs:string" />
        <xs:attribute name="email" type="xs:string" />
        <xs:attribute name="password" type="xs:string" />
        <xs:attribute name="siteRole" type="siteRoleType" />
        <xs:attribute name="authSetting" type="siteUserAuthSettingType" />
        <xs:attribute name="lastLogin" type="xs:dateTime" />
        <xs:attribute name="externalAuthUserId" type="xs:string" />
    </xs:complexType>

    <xs:complexType name="viewListType">
        <xs:sequence>
            <xs:element name="view" type="viewType" minOccurs="0" maxOccurs="unbounded" />
        </xs:sequence>
    </xs:complexType>

    <xs:complexType name="viewType">
        <xs:sequence>
            <xs:element name="workbook" type="workbookType" minOccurs="0" maxOccurs="1" />
            <xs:element name="owner" type="userType" minOccurs="0" maxOccurs="1" />
            <xs:element name="usage" minOccurs="0">
                <xs:complexType>
                    <xs:attribute name="totalViewCount" type="xs:nonNegativeInteger" use="required" />
                </xs:complexType>
            </xs:element>
        </xs:sequence>
        <xs:attribute name="id" type="resourceIdType" />
        <xs:attribute name="name" type="xs:string" />
        <xs:attribute name="contentUrl" type="xs:string" />
    </xs:complexType>

    <xs:complexType name="workbookListType">
        <xs:sequence>
            <xs:element name="workbook" type="workbookType" minOccurs="0" maxOccurs="unbounded" />
        </xs:sequence>
    </xs:complexType>

    <xs:complexType name="workbookType">
        <xs:sequence>
            <xs:element name="connectionCredentials" type="connectionCredentialsType" minOccurs="0" />
            <xs:element name="site" type="siteType" minOccurs="0" />
            <xs:element name="project" type="projectType" minOccurs="0" />
            <xs:element name="owner" type="userType" minOccurs="0" />
            <xs:element name="tags" type="tagListType" minOccurs="0" />
            <xs:element name="views" type="viewListType" minOccurs="0" />
        </xs:sequence>
        <xs:attribute name="id" type="resourceIdType" />
        <xs:attribute name="name" type="xs:string" />
        <xs:attribute name="description" type="xs:string" />
        <xs:attribute name="contentUrl" type="xs:string" />
        <xs:attribute name="showTabs" type="xs:boolean" />
        <xs:attribute name="size" type="xs:nonNegativeInteger" />
        <xs:attribute name="createdAt" type="xs:dateTime" />
        <xs:attribute name="updatedAt" type="xs:dateTime"/>
    </xs:complexType>

    <!--
        Definition of supporting types for message payloads
    -->

    <xs:complexType name="capabilityType">
        <xs:attribute name="name" use="required" >
            <xs:simpleType>
                <xs:restriction base="xs:string">
                    <xs:enumeration value="AddComment" />
                    <xs:enumeration value="ChangeHierarchy" />
                    <xs:enumeration value="ChangePermissions" />
                    <xs:enumeration value="Connect" />
                    <xs:enumeration value="Delete" />
                    <xs:enumeration value="ExportData" />
                    <xs:enumeration value="ExportImage" />
                    <xs:enumeration value="ExportXml" />
                    <xs:enumeration value="Filter" />
                    <xs:enumeration value="ProjectLeader" />
                    <xs:enumeration value="Read" />
                    <xs:enumeration value="ShareView" />
                    <xs:enumeration value="ViewComments" />
                    <xs:enumeration value="ViewUnderlyingData" />
                    <xs:enumeration value="WebAuthoring" />
                    <xs:enumeration value="Write" />
                </xs:restriction>
            </xs:simpleType>
        </xs:attribute>
        <xs:attribute name="mode" use="required">
            <xs:simpleType>
                <xs:restriction base="xs:string">
                    <xs:enumeration value="Allow" />
                    <xs:enumeration value="Deny" />
                </xs:restriction>
            </xs:simpleType>
        </xs:attribute>
    </xs:complexType>

    <xs:simpleType name="fileUploadSessionIdType">
        <xs:restriction base="xs:string">
            <xs:pattern value="([0-9]+:[0-9a-fA-F]+)-([0-9]+:[0-9]+)"/>
        </xs:restriction>
    </xs:simpleType>

    <xs:complexType name="domainDirectiveType">
        <xs:attribute name="name" type="xs:string" use="required" />
    </xs:complexType>

    <xs:complexType name="importDirectiveType">
        <xs:attribute name="source" type="importSourceType" use="required" />
        <xs:attribute name="domainName" type="xs:string" use="required" />
        <xs:attribute name="siteRole" type="siteRoleType" use="required" />
    </xs:complexType>

    <xs:simpleType name="importSourceType">
        <xs:restriction base="xs:string">
            <xs:enumeration value="ActiveDirectory" />
        </xs:restriction>
    </xs:simpleType>

    <xs:complexType name="granteeCapabilitiesType">
        <xs:sequence>
            <xs:choice>
                <xs:element name="group" type="groupType" />
                <xs:element name="user" type="userType" />
            </xs:choice>
            <xs:element name="capabilities">
                <xs:complexType>
                    <xs:sequence>
                        <xs:element name="capability" type="capabilityType" maxOccurs="unbounded" />
                    </xs:sequence>
                </xs:complexType>
            </xs:element>
        </xs:sequence>
    </xs:complexType>

    <xs:complexType name="paginationType">
        <xs:attribute name="pageNumber" type="xs:positiveInteger" use="required" />
        <xs:attribute name="pageSize" type="xs:nonNegativeInteger" use="required" />
        <xs:attribute name="totalAvailable" type="xs:nonNegativeInteger" use="required" />
    </xs:complexType>

    <xs:simpleType name="resourceIdType">
        <xs:restriction base="xs:string">
            <xs:pattern value="[0-9a-fA-F]{8}-[0-9a-fA-F]{4}-[0-9a-fA-F]{4}-[0-9a-fA-F]{4}-[0-9a-fA-F]{12}" />
        </xs:restriction>
    </xs:simpleType>

    <xs:simpleType name="siteRoleType">
        <xs:restriction base="xs:string">
            <xs:enumeration value="Guest" />
            <xs:enumeration value="Interactor" />
            <xs:enumeration value="Publisher" />
            <xs:enumeration value="ServerAdministrator" />
            <xs:enumeration value="SiteAdministrator" />
            <xs:enumeration value="Unlicensed" />
            <xs:enumeration value="UnlicensedWithPublish" />
            <xs:enumeration value="Viewer" />
            <xs:enumeration value="ViewerWithPublish" />
        </xs:restriction>
    </xs:simpleType>

    <xs:simpleType name="siteUserAuthSettingType">
        <xs:restriction base="xs:string">
            <xs:enumeration value="ServerDefault" />
            <xs:enumeration value="SAML" />
        </xs:restriction>
    </xs:simpleType>

    <xs:simpleType name="stateType">
        <xs:restriction base="xs:string">
            <xs:enumeration value="Active" />
            <xs:enumeration value="Suspended" />
        </xs:restriction>
    </xs:simpleType>

    <xs:complexType name="statusNoteListType">
        <xs:sequence>
            <xs:element name="statusNote" type="statusNoteType" minOccurs="0" maxOccurs="unbounded" />
        </xs:sequence>
    </xs:complexType>

    <xs:complexType name="statusNoteType">
        <xs:attribute name="type" use="required" >
            <xs:simpleType>
                <xs:restriction base="xs:string">
                    <xs:enumeration value="CountOfUsersAddedToGroup" />
                    <xs:enumeration value="CountOfUsersAddedToSite" />
                    <xs:enumeration value="CountOfUsersWithInsufficientLicenses" />
                    <xs:enumeration value="CountOfUsersInActiveDirectoryGroup" />
                    <xs:enumeration value="CountOfUsersProcessed" />
                    <xs:enumeration value="CountOfUsersSkipped" />
                    <xs:enumeration value="CountOfUsersInformationUpdated" />
                    <xs:enumeration value="CountOfUsersSiteRoleUpdated" />
                    <xs:enumeration value="CountOfUsersRemovedFromGroup" />
                    <xs:enumeration value="CountOfUsersUnlicensed" />
                </xs:restriction>
            </xs:simpleType>
        </xs:attribute>
        <xs:attribute name="value" type="xs:string" />
        <xs:attribute name="text" type="xs:string" />
    </xs:complexType>

    <xs:simpleType name="siteQuotaType">
        <xs:restriction base="xs:integer">
            <xs:minInclusive value="-1"/>
        </xs:restriction>
    </xs:simpleType>

    <xs:complexType name="parentType">
      <xs:attribute name="id" type="resourceIdType" use="required" />
      <xs:attribute name="type" use="required" >
          <xs:simpleType>
              <xs:restriction base="xs:string">
                  <xs:enumeration value="Project" />
              </xs:restriction>
          </xs:simpleType>
      </xs:attribute>
    </xs:complexType>
</xs:schema>
