  <users>
    <user id="69029d34-96ee-461d-9b86-9436ec0d44ad" name="abbottti" siteRole="Interactor" lastLogin="2015-08-29T04:15:21Z" externalAuthUserId="" />
    <user id="fda035d3-f662-46e4-a3ed-688b4fec140d" name="adamma" siteRole="Interactor" lastLogin="2015-12-02T04:50:39Z" externalAuthUserId="" />
    <user id="3b86e771-2a87-4f1d-8212-11b499b16e61" name="AliR2" siteRole="Interactor" lastLogin="2016-04-27T03:10:53Z" externalAuthUserId="" />
    <user id="82aa9608-2104-4e69-91f7-dea2215abcc9" name="alvisfa" siteRole="Interactor" lastLogin="2015-12-15T04:40:53Z" externalAuthUserId="" />
    <user id="4fbd3af9-12a2-4919-9353-074cb9d9de3c" name="amirade" siteRole="Interactor" lastLogin="2015-04-15T05:25:08Z" externalAuthUserId="" />
    <user id="7f38cf74-fbd6-4e19-a6ca-442a6f0887e7" name="AshokHa" siteRole="Interactor" lastLogin="2016-04-27T02:13:51Z" externalAuthUserId="" />
    <user id="c0aab7f8-d06e-4203-8b26-bb8706671819" name="aspdenvi" siteRole="Interactor" externalAuthUserId="" />
    <user id="35217808-3674-4543-b7dc-af82c2a12e90" name="azara1" siteRole="Interactor" lastLogin="2016-01-25T00:54:43Z" externalAuthUserId="" />
    <user id="e6ff995e-cb16-4610-bd0e-eda9d996c072" name="bailisg" siteRole="Interactor" lastLogin="2015-05-11T23:13:51Z" externalAuthUserId="" />
    <user id="de781766-dbcb-411b-b8fe-cf85105f68ec" name="kbaker" siteRole="Interactor" lastLogin="2016-03-28T23:29:08Z" externalAuthUserId="" />
    <user id="b665b2ca-6634-4e7e-b5ba-507f0e93b1b8" name="bakerr6" siteRole="Interactor" externalAuthUserId="" />
    <user id="0cf4e2cc-0fc8-45b0-a766-e5c8446e8a8b" name="BalkEm" siteRole="Interactor" lastLogin="2014-10-08T21:58:45Z" externalAuthUserId="" />
    <user id="bed8c002-60ec-4277-91a2-c94bc4d78c6b" name="BALLARGR" siteRole="Interactor" lastLogin="2016-04-18T09:37:55Z" externalAuthUserId="" />
    <user id="e7aac735-81f1-4669-8f66-079da0f90b35" name="baoda" siteRole="Interactor" lastLogin="2015-12-08T03:08:57Z" externalAuthUserId="" />
    <user id="095e5cfd-6be0-4415-88c9-ab325b94ec0d" name="barbagre" siteRole="Interactor" lastLogin="2016-04-27T04:38:27Z" externalAuthUserId="" />
    <user id="8bf63953-4653-413f-b741-4b9c01c4e17c" name="barnicp" siteRole="Interactor" lastLogin="2015-11-10T22:40:28Z" externalAuthUserId="" />
    <user id="f6e8989e-d212-4f4e-874e-729ff58cb30a" name="BARRR" siteRole="Interactor" lastLogin="2016-04-12T01:39:36Z" externalAuthUserId="" />
    <user id="71db538b-78f6-4557-b4b1-7b52c236695f" name="barronju" siteRole="Interactor" lastLogin="2016-04-26T03:28:21Z" externalAuthUserId="" />
    <user id="0bae3028-ecd3-447c-a4c3-75db2c90a9af" name="barrossi" siteRole="Interactor" lastLogin="2016-02-22T01:29:22Z" externalAuthUserId="" />
    <user id="cb89cd15-cba8-445e-9a16-faa0ebf0d2b0" name="BD2" siteRole="Interactor" lastLogin="2015-08-14T06:50:02Z" externalAuthUserId="" />
    <user id="e3ed4925-c375-4eea-8e4f-1a43b8f6c2f7" name="BENCHFI" siteRole="Interactor" externalAuthUserId="" />
    <user id="72e6f9b7-cb6f-4544-bcfc-7f6bc618b33e" name="benneel" siteRole="Interactor" externalAuthUserId="" />
    <user id="4008560b-f1be-45a5-bde9-1a0efdd6e366" name="jbennett" siteRole="Interactor" lastLogin="2016-04-05T23:15:57Z" externalAuthUserId="" />
    <user id="0e976932-007c-40d0-9580-8a9de3082607" name="binettgi" siteRole="Interactor" externalAuthUserId="" />
    <user id="b4266afb-e4ef-4887-8b5f-cef846cf80de" name="binfieJo" siteRole="Interactor" lastLogin="2016-03-31T02:27:55Z" externalAuthUserId="" />
    <user id="9d27e434-e0c3-48f0-969d-aa31d70a9765" name="blackbh" siteRole="Interactor" lastLogin="2014-11-04T00:32:01Z" externalAuthUserId="" />
    <user id="f3e99bd5-3277-474d-9cb0-ad93fb859e86" name="bognara" siteRole="Interactor" lastLogin="2014-11-11T04:23:55Z" externalAuthUserId="" />
    <user id="8b73e408-1874-4c88-8de9-b7fe9542f94e" name="boguszja" siteRole="Publisher" externalAuthUserId="" />
    <user id="53fc229a-813a-4183-9e69-995ffedfac9c" name="bondb" siteRole="Interactor" lastLogin="2016-04-06T04:33:57Z" externalAuthUserId="" />
    <user id="a7afe0c5-e493-4b3d-936a-9249a8c762f0" name="sbond" siteRole="Interactor" lastLogin="2016-03-29T03:55:47Z" externalAuthUserId="" />
    <user id="d533c8fc-39f8-49f0-896f-f318526b5655" name="bowerni" siteRole="Interactor" lastLogin="2016-04-08T07:49:20Z" externalAuthUserId="" />
    <user id="fb53fed3-ced3-451a-ae9e-8ef1808c00c2" name="bradyd" siteRole="Interactor" externalAuthUserId="" />
    <user id="e2d6c8a9-9b4e-4bde-ae23-0e0a8c2ee71f" name="BreenCa" siteRole="Interactor" lastLogin="2016-04-20T04:28:40Z" externalAuthUserId="" />
    <user id="5fdf8cc1-5d9c-4857-8108-a816a1c97e74" name="BrennaJ1" siteRole="Interactor" lastLogin="2016-03-29T04:11:11Z" externalAuthUserId="" />
    <user id="5da4fe28-1655-47f3-bb02-72b1ee6776f7" name="brennan" siteRole="Interactor" externalAuthUserId="" />
    <user id="299247c0-d28d-4ccf-a803-ca84a663181d" name="BrowLy" siteRole="Interactor" externalAuthUserId="" />
    <user id="f78ee7fb-8d3b-4a46-babd-5430730ea861" name="rbrown" siteRole="Interactor" externalAuthUserId="" />
    <user id="c639705a-1858-4eae-b76e-8183d46695d8" name="brownemi" siteRole="Interactor" lastLogin="2014-12-09T02:11:44Z" externalAuthUserId="" />
    <user id="b016aafe-7e35-45e0-b9ff-658cb74273d6" name="tbrowne" siteRole="Interactor" lastLogin="2015-01-28T00:54:46Z" externalAuthUserId="" />
    <user id="02db8ece-e31a-4cf6-bbdd-2688700576bd" name="pbruhns" siteRole="Interactor" externalAuthUserId="" />
    <user id="dd3dbfef-c0c2-4249-b2ff-b835d1cfdf62" name="bryantpe" siteRole="Interactor" externalAuthUserId="" />
    <user id="c5fe5b0b-fa8e-4616-bba3-4259a573b293" name="BUCKLERE" siteRole="Interactor" externalAuthUserId="" />
    <user id="474a3518-949a-4bcc-9fc8-16029d7e215d" name="Bulmanjo" siteRole="Interactor" lastLogin="2014-09-08T01:31:00Z" externalAuthUserId="" />
    <user id="c96cbc4e-9e03-4c5e-b3fb-f581ddcf1bf4" name="burchen" siteRole="Interactor" lastLogin="2015-07-22T15:38:14Z" externalAuthUserId="" />
    <user id="447b6a9a-9aa7-4ba9-a886-c04ce2d643fb" name="butlepe" siteRole="Interactor" lastLogin="2016-03-22T04:47:42Z" externalAuthUserId="" />
    <user id="fcf7f014-4274-4597-81d0-18c320697774" name="bylese" siteRole="Interactor" externalAuthUserId="" />
    <user id="d89e9d2d-c24c-4a71-af29-0fcaf77371fd" name="caiy" siteRole="Interactor" lastLogin="2016-04-28T03:50:58Z" externalAuthUserId="" />
    <user id="de945225-edc8-4066-8b7d-5b4dafd0a26f" name="CAMPBEDA" siteRole="Interactor" externalAuthUserId="" />
    <user id="6668c278-eaf7-4a6f-bc81-5c7d3d09a11b" name="CAOCY" siteRole="Interactor" lastLogin="2016-02-23T04:45:26Z" externalAuthUserId="" />
    <user id="20492bc3-5d49-4e4b-b1a5-3cbb048e855c" name="careya" siteRole="Interactor" lastLogin="2016-04-14T06:58:39Z" externalAuthUserId="" />
    <user id="bd3e8f5c-8bb0-47fb-968a-fb2eca75cc26" name="CARRJO" siteRole="Interactor" lastLogin="2014-07-07T08:51:04Z" externalAuthUserId="" />
    <user id="19ec44f1-b370-4310-9e14-68598ec78d22" name="cases" siteRole="Interactor" lastLogin="2014-09-29T03:34:47Z" externalAuthUserId="" />
    <user id="4cb5ba60-2714-4d1c-9cf2-f341a6ac8f8f" name="CAVALIMA" siteRole="Interactor" externalAuthUserId="" />
    <user id="e55be944-f2f2-422e-aeaa-0c2561473816" name="CHALMECA" siteRole="Interactor" externalAuthUserId="" />
    <user id="66549154-d664-4beb-a980-a2a2cf776086" name="mchamdawala" siteRole="Interactor" lastLogin="2016-04-21T01:05:48Z" externalAuthUserId="" />
    <user id="9109a04b-bf4a-42dd-a1c0-7876ae06c03b" name="chanau" siteRole="Publisher" lastLogin="2016-03-21T06:34:19Z" externalAuthUserId="" />
    <user id="f61538e9-4889-45d2-ac87-76702a641636" name="chanj4" siteRole="SiteAdministrator" lastLogin="2016-04-07T08:08:02Z" externalAuthUserId="" />
    <user id="7034a4bd-02c8-443b-b90d-0ba989452a98" name="ChenA3" siteRole="Interactor" externalAuthUserId="" />
    <user id="c6b31567-a7f5-454e-a2e7-3004d2e4f3c9" name="cchen" siteRole="Interactor" externalAuthUserId="" />
    <user id="b00fbaca-ea60-4be3-bb3b-807e40666b48" name="chengi" siteRole="Interactor" lastLogin="2015-08-04T06:42:41Z" externalAuthUserId="" />
    <user id="e1e87a58-06cc-4afc-9234-9e3d0cff99dd" name="chenm" siteRole="Interactor" externalAuthUserId="" />
    <user id="9cfba4d5-c22f-4c49-a437-b2c5db31d0f5" name="chengmo" siteRole="Publisher" lastLogin="2016-04-07T08:02:44Z" externalAuthUserId="" />
    <user id="d420f16d-a173-4840-9df7-466ae88c180a" name="chinch" siteRole="Interactor" lastLogin="2016-04-12T23:51:21Z" externalAuthUserId="" />
    <user id="d2a1fc0f-e9cc-45b8-989d-5e027972d045" name="choomi" siteRole="Interactor" lastLogin="2015-09-10T00:42:56Z" externalAuthUserId="" />
    <user id="28d93e26-948b-46c9-9497-ece668201b2b" name="ChopraVi" siteRole="Interactor" lastLogin="2016-04-12T02:03:26Z" externalAuthUserId="" />
    <user id="da8c9e79-2b82-45d7-9754-31650c57f41c" name="ChowSt" siteRole="Interactor" lastLogin="2015-12-14T03:45:17Z" externalAuthUserId="" />
    <user id="9257cd06-50ea-4eb1-8da4-365ff5b8f04d" name="chungand" siteRole="Interactor" externalAuthUserId="" />
    <user id="fe427e95-bf9d-4526-867f-e65fe2701ecc" name="cirinojo" siteRole="Interactor" lastLogin="2015-11-18T21:48:18Z" externalAuthUserId="" />
    <user id="097e5079-ca12-47fc-9503-a113b9e12bc6" name="clarkjo" siteRole="Interactor" lastLogin="2015-10-06T04:04:17Z" externalAuthUserId="" />
    <user id="e2b1e2e1-8783-496b-8af8-1f051453cdf7" name="sconners" siteRole="Interactor" externalAuthUserId="" />
    <user id="d5997fc3-100a-4edb-b5de-1f15bda65704" name="CONRICDA" siteRole="Interactor" externalAuthUserId="" />
    <user id="9c72b9d5-8d5a-459e-ad8e-38cca50c06c1" name="coshotmi" siteRole="Interactor" lastLogin="2015-08-10T06:46:25Z" externalAuthUserId="" />
    <user id="8fc72d15-1699-4055-9ba1-2d6a2c970a77" name="costele" siteRole="Interactor" externalAuthUserId="" />
    <user id="5cb0327e-3fd5-49f4-9f85-efbd9751aa06" name="crawfosa" siteRole="Interactor" lastLogin="2016-04-18T23:38:58Z" externalAuthUserId="" />
    <user id="0af2c570-6d82-4040-9813-0f7c09b75651" name="crosswj" siteRole="Interactor" lastLogin="2014-06-03T22:12:05Z" externalAuthUserId="" />
    <user id="b2f98eae-6fa0-4c90-bc9f-3412a8795719" name="acummins" siteRole="Interactor" lastLogin="2015-03-17T13:04:48Z" externalAuthUserId="" />
    <user id="ce415eea-1721-4c1e-a8b2-03bd39069b77" name="HEXTCMC" siteRole="Publisher" lastLogin="2016-02-26T03:11:04Z" externalAuthUserId="" />
    <user id="5e5ad3b5-2525-44ba-9140-ba56099b8e3b" name="custicd" siteRole="Interactor" externalAuthUserId="" />
    <user id="3a24a7ad-30e9-4bbd-afbd-56a58f9e5fe7" name="dalyr" siteRole="Interactor" lastLogin="2016-02-12T03:09:53Z" externalAuthUserId="" />
    <user id="7f9c400b-2020-4121-b0ee-9034208ba7e9" name="bdenobreg" siteRole="Interactor" externalAuthUserId="" />
    <user id="e110c6d4-4d05-46c4-aedf-53adee7b17cd" name="depasqj" siteRole="Interactor" lastLogin="2016-03-30T07:27:41Z" externalAuthUserId="" />
    <user id="a4fda6a6-44b5-4d34-b0e9-9c52b91cb434" name="DeSilvBi" siteRole="Interactor" lastLogin="2016-04-29T04:01:35Z" externalAuthUserId="" />
    <user id="d504380b-a065-4231-a467-dfce8761aa60" name="DelahuTi" siteRole="Interactor" lastLogin="2015-11-11T06:09:52Z" externalAuthUserId="" />
    <user id="2c32756d-db0e-424a-b03d-567e3343d111" name="delinij" siteRole="Interactor" lastLogin="2016-04-14T03:53:06Z" externalAuthUserId="" />
    <user id="ec65c2bc-fc3e-4905-adc7-c27ac80b66df" name="demirer" siteRole="Publisher" lastLogin="2016-02-08T06:59:01Z" externalAuthUserId="" />
    <user id="74c4b051-f26a-4563-b21c-9f780203b2ee" name="diamonca" siteRole="Interactor" externalAuthUserId="" />
    <user id="b2055f4b-70bc-4ec9-9488-bf2ba0306257" name="DickeGl" siteRole="Publisher" externalAuthUserId="" />
    <user id="0a786369-cab9-4bcb-b67f-0b93bb5198c4" name="dongmi" siteRole="Interactor" lastLogin="2016-04-05T23:09:56Z" externalAuthUserId="" />
    <user id="d2d1ed11-3583-4dde-a19d-24620ff13ac9" name="NSBDRUN" siteRole="Interactor" externalAuthUserId="" />
    <user id="f84b7257-defa-404f-ba5f-179afa23e05e" name="duignaf" siteRole="Interactor" lastLogin="2014-07-14T01:37:35Z" externalAuthUserId="" />
    <user id="448c395b-a8ef-40f9-86d3-3b015268181b" name="edwardst" siteRole="SiteAdministrator" lastLogin="2016-04-21T04:46:59Z" externalAuthUserId="" />
    <user id="c252ce54-7f03-409b-97cc-b0cbc9a05e31" name="Ekincikr" siteRole="Interactor" lastLogin="2016-03-16T00:57:00Z" externalAuthUserId="" />
    <user id="f0db23e9-0ab5-486b-9060-8d207cf40b72" name="lelkins" siteRole="Interactor" lastLogin="2015-03-17T05:51:06Z" externalAuthUserId="" />
    <user id="c0062325-01bf-40d9-9242-f2054de4f495" name="emerya" siteRole="Interactor" lastLogin="2016-01-05T00:43:14Z" externalAuthUserId="" />
    <user id="94bcaa58-e4aa-40f4-9c87-d7b24c068ce0" name="esdailr" siteRole="Interactor" externalAuthUserId="" />
    <user id="37a93bce-6953-4a31-8f97-969ad04222ce" name="evansr" siteRole="Interactor" externalAuthUserId="" />
    <user id="0b3828f5-7b5a-4891-9e8e-3da053e51e44" name="faheyp" siteRole="Interactor" lastLogin="2016-04-27T04:48:55Z" externalAuthUserId="" />
    <user id="d209b252-038e-4cdf-897f-cf9c783d307f" name="FalkinKa" siteRole="Interactor" lastLogin="2015-08-19T23:13:07Z" externalAuthUserId="" />
    <user id="98b8b0fb-b4f6-49be-9f95-2b1174e3bb7d" name="fattahaa" siteRole="Interactor" lastLogin="2015-01-30T03:32:47Z" externalAuthUserId="" />
    <user id="4818443c-60c4-45be-a4f6-1867a1bd4147" name="sfelice" siteRole="Interactor" lastLogin="2016-02-12T00:55:51Z" externalAuthUserId="" />
  </users>
